size_bytes,stride,mbps
268435456,1,16182
268435456,2,9244
268435456,3,6452
268435456,4,5237
268435456,6,3394
268435456,8,2488
268435456,12,2166
268435456,16,1486
268435456,24,1745
268435456,32,1443
268435456,48,1464
268435456,64,1371
134217728,1,15517
134217728,2,9563
134217728,3,6517
134217728,4,5272
134217728,6,3550
134217728,8,2657
134217728,12,2290
134217728,16,1524
134217728,24,1926
134217728,32,1497
134217728,48,1818
134217728,64,1374
67108864,1,15633
67108864,2,9425
67108864,3,6451
67108864,4,5383
67108864,6,3842
67108864,8,2966
67108864,12,2651
67108864,16,1692
67108864,24,2822
67108864,32,1575
67108864,48,3203
67108864,64,1596
33554432,1,17603
33554432,2,10683
33554432,3,9145
33554432,4,7749
33554432,6,5431
33554432,8,4075
33554432,12,4177
33554432,16,2564
33554432,24,4508
33554432,32,2083
33554432,48,4317
33554432,64,2249
16777216,1,25824
16777216,2,20635
16777216,3,16194
16777216,4,12625
16777216,6,8716
16777216,8,6867
16777216,12,5655
16777216,16,4084
16777216,24,5206
16777216,32,3967
16777216,48,4617
16777216,64,4119
8388608,1,37521
8388608,2,25500
8388608,3,18758
8388608,4,14202
8388608,6,9678
8388608,8,7391
8388608,12,6292
8388608,16,4088
8388608,24,5124
8388608,32,3985
8388608,48,3999
8388608,64,4164
4194304,1,38396
4194304,2,25018
4194304,3,18182
4194304,4,13918
4194304,6,10016
4194304,8,8150
4194304,12,7030
4194304,16,5070
4194304,24,6691
4194304,32,4730
4194304,48,7544
4194304,64,4875
2097152,1,31879
2097152,2,25043
2097152,3,18124
2097152,4,13709
2097152,6,9544
2097152,8,8039
2097152,12,9219
2097152,16,5285
2097152,24,25414
2097152,32,5711
2097152,48,15956
2097152,64,6110
1048576,1,42103
1048576,2,33950
1048576,3,33634
1048576,4,31595
1048576,6,25612
1048576,8,19859
1048576,12,26256
1048576,16,12888
1048576,24,25794
1048576,32,11328
1048576,48,15867
1048576,64,11178
524288,1,45368
524288,2,35854
524288,3,35758
524288,4,35405
524288,6,31678
524288,8,27005
524288,12,26456
524288,16,15750
524288,24,24041
524288,32,12505
524288,48,15930
524288,64,12666
262144,1,45638
262144,2,35698
262144,3,36100
262144,4,35894
262144,6,33061
262144,8,27485
262144,12,26969
262144,16,15437
262144,24,26692
262144,32,12644
262144,48,15785
262144,64,12659
131072,1,46154
131072,2,35328
131072,3,36053
131072,4,35234
131072,6,32749
131072,8,27392
131072,12,26935
131072,16,15700
131072,24,52207
131072,32,12862
131072,48,50800
131072,64,13254
65536,1,45967
65536,2,35810
65536,3,35733
65536,4,35804
65536,6,32810
65536,8,27324
65536,12,53230
65536,16,15702
65536,24,51333
65536,32,15723
65536,48,50107
65536,64,31036
32768,1,55429
32768,2,53348
32768,3,53717
32768,4,54078
32768,6,53451
32768,8,51804
32768,12,51496
32768,16,48427
32768,24,49343
32768,32,50772
32768,48,48542
32768,64,48205
16384,1,54884
16384,2,52055
16384,3,53134
16384,4,52161
16384,6,51512
16384,8,48593
16384,12,46885
16384,16,50327
16384,24,48464
16384,32,48227
16384,48,43836
16384,64,41850
8192,1,53826
8192,2,51148
8192,3,50409
8192,4,48253
8192,6,46747
8192,8,51815
8192,12,47766
8192,16,46513
8192,24,43898
8192,32,41501
8192,48,38986
8192,64,34026
